,Nombre Empresa,Dirección,Teléfono,Email,cliente_id
0,Dean-Hurley,"233 Carter Park
North Nicholasfort, PA 43017",(611)313-2770,turnermegan@miller.info,1
1,Hampton-Hall,"035 Thompson Keys Apt. 621
Shelbyville, RI 18039",001-278-002-1543x064,thomasrachel@palmer.info,2
2,Cruz-Adams,"12950 Monica Lodge Apt. 705
South Diana, SD 75672",001-073-296-9340x02574,ortizkayla@wright.info,3
3,Gonzalez Inc,"8729 Morgan Light Suite 006
Nancytown, WV 19617",001-505-611-9513,vpollard@ballard-edwards.com,4
4,"Williams, Mora and Allen","PSC 0482, Box 1355
APO AA 04243",790-517-2577x517,robertdelacruz@hernandez.org,5
5,Clark-Lindsey,"541 Leslie Corners Apt. 864
Lake Christopherberg, MI 10834",788.416.6238x7615,brandon19@larsen.com,6
6,"Morse, Simon and Schultz","1264 White Lodge Suite 464
Harveyhaven, MD 53819",(192)603-1167,colebreanna@watson.info,7
7,Espinoza Ltd,"396 Davis Shoals Apt. 195
New Michael, SD 53325",702.406.2481x2753,ktaylor@smith.org,8
8,Johnson Ltd,"60486 Martinez Estates Suite 705
Lake Jennifer, TN 24244",(365)145-8661x5734,evelynjones@martinez.net,9
9,Ball LLC,"4163 Lee Springs Suite 059
Josephland, SD 06868",104.014.6611x8200,steven66@higgins-christensen.com,10
10,Wright-Bartlett,"25403 Shaffer Crescent
Lake Stephanieborough, HI 39978",530.440.2867x8903,danielsmegan@hughes-delgado.biz,11
11,Henderson Ltd,"00521 Curtis Radial Apt. 881
New Carriechester, OK 96216",001-184-942-3560,arnoldamanda@williams.com,12
12,"Jensen, Cobb and Hernandez","696 Ellis Station Suite 965
Rogersside, LA 24455",(935)563-3304x10103,veronica76@larsen-jones.org,13
13,"Gross, Williams and Melton","23490 Gonzales Stravenue Apt. 845
Port Jessicatown, NJ 18434",001-437-352-0049x37264,hweiss@navarro.net,14
14,"Wright, Lawrence and Gonzalez","212 Lewis Shoals
Williamsshire, NC 16896",462.130.2824,ortizjames@stout.com,15
15,"Carlson, Garcia and Heath","46801 Dean Meadow Suite 053
Port Jackfort, WI 32310",232.856.5990x084,daniel82@cox.biz,16
16,Miller-Jones,"8091 Wood Lane Suite 411
West Amanda, OK 30878",(144)033-2291x46238,fallen@young.info,17
17,Burgess LLC,"19970 Hughes Plaza
Loristad, RI 21932",001-096-767-5940x810,susan35@fernandez.com,18
18,Craig-Wood,"282 Fields Rapid
North Samuel, MT 80313",887.495.8108x11842,thomasamber@schaefer-brown.com,19
19,Mata Ltd,"917 Sandra Field
Youngside, VT 46602",300.326.0215x814,krameraustin@gilbert-townsend.com,20
20,Ellis Inc,"Unit 3703 Box 4012
DPO AE 86001",865-309-8514x105,kwilliams@francis-thompson.com,21
21,Riley-Gonzales,"30717 Cheryl Radial Suite 831
East Amanda, MS 61153",969-634-9540,benjaminwolfe@montoya.com,22
22,Davis LLC,"77402 Stephanie Plaza
Johnborough, DC 21648",001-093-321-4342x802,georgemartinez@davis.com,23
23,Ryan-Johnson,"195 Fox Mission
Simonmouth, NY 18944",001-365-150-5291x7787,jamesmartinez@norris.org,24
24,Dixon-Duarte,"074 Fields Ford Apt. 503
Port Coryshire, FL 87868",001-161-953-4506x674,milleradam@scott.com,25
25,"Werner, Randall and Smith","6862 Erika Divide Apt. 105
West Samantha, LA 82189",1146772585,zacharycampbell@nguyen.net,26
26,"Green, Hicks and Robinson","2222 Moran Centers Apt. 377
South Jennifer, NM 02560",242.365.3794x136,kgray@monroe-matthews.com,27
27,"Bryant, Hill and Hill","335 Donald Knolls
New Elijah, CT 18798",001-862-657-2169,morganstevenson@beltran.info,28
28,Brown-Ford,"290 Caitlin Wall
Sanchezside, GA 77262",496-189-7341x22524,megan59@parker-fisher.com,29
29,"Daniel, Clark and Reed","39091 Michelle Camp
Harrisland, HI 19296",(847)418-7917,rebeccabrown@macdonald-jackson.com,30
30,Christian-Baker,"807 Anderson Brooks
East Jerome, CO 97657",426-750-2851x90677,jennifer45@richards.net,31
31,Clarke Group,"882 Mcclure Turnpike Suite 486
Pamelaport, MS 16664",(096)113-5652x15629,jamesgary@curry-jackson.net,32
32,"Chavez, Best and Atkins","1226 Stewart Springs Apt. 010
East Kathy, AR 56638",088-458-3189,kbarnes@ingram.com,33
33,Hoffman-Jacobs,"2894 David Knolls Apt. 745
New Nicolestad, CA 84504",+1-445-778-1463x644,kevin76@foster.info,34
34,Ryan-Davidson,"716 Jason Ridges Suite 835
Brewerview, DE 75837",372.043.2426x0216,nwilliams@terry-lee.com,35
35,Carter-Kelly,"1806 James Orchard
East Thomasville, MO 51189",8436270441,stewartsusan@ortiz.biz,36
36,Friedman-Murphy,"3806 Johnson Forest
Michaelview, NE 78866",023-853-6546,hortonemily@bernard.com,37
37,Cortez Ltd,"43248 John Stravenue Apt. 691
Lake Steven, VT 13107",(611)657-6808x7575,leeward@hill-wallace.com,38
38,"Murray, Hicks and White","2524 Graham Cape
South Melvin, OR 14727",270-699-2662x4385,annettefrye@mills.com,39
39,Miller and Sons,"Unit 8007 Box 1292
DPO AE 73683",001-440-826-7592x0990,owinters@navarro.com,40
40,Welch Ltd,"69560 Kristina Row Suite 284
Blackmouth, WA 37052",(487)054-5770x992,connercheryl@glass.com,41
41,Hernandez PLC,"386 Knapp Village
New Ronaldtown, TX 11174",2027160348,gpotts@bennett.info,42
42,"Patel, Dyer and Dorsey","2469 Bridges Summit Suite 487
South Rubenfurt, IA 26282",016.182.5471x5770,stephanie50@alexander.com,43
43,Gonzalez and Sons,"0888 Jesse Forges
East Luis, OR 65274",9403788484,hhill@alvarez.net,44
44,Neal-Klein,"PSC 6162, Box 7606
APO AA 91031",+1-048-991-3716x156,julieenglish@williams.info,45
45,Barnes-Strickland,"3480 Robert Skyway
Wandaside, TN 19801",976-702-5865x8753,robertfox@nelson.com,46
46,Rios-Bailey,"120 Paula Plains
West Kaitlynport, TX 67439",+1-736-660-2322,cruzalyssa@hernandez-anderson.com,47
47,Chung-Adkins,"796 Le Freeway Apt. 766
Alecside, RI 65520",001-417-020-8778x32238,juan05@garcia-fernandez.com,48
48,Kaiser-Gaines,"725 Stokes Rapid
Griffithtown, DC 66390",(282)283-9782x3522,debra12@wilson.net,49
49,Davis-Kim,"Unit 0864 Box 6608
DPO AP 99239",(826)672-4380,jasonclark@duncan-moore.com,50
50,"Jimenez, Rodriguez and Cruz","9034 Brian Land
Angelburgh, RI 95057",052.793.2800x3492,mknox@austin-jenkins.net,51
51,"Fox, Walker and Doyle","966 Hardin Lodge Suite 178
Melissaburgh, MO 87618",001-864-728-5528x21558,richard67@reid.com,52
52,Walker Group,"861 Kristin Mill
West Tanya, MI 94228",+1-465-847-2944x8612,zrodriguez@herman-baker.com,53
53,"Howard, Black and Brown","493 Ross Locks
Teresafort, CT 61396",+1-895-159-9609x218,jennifer70@hall-nichols.org,54
54,"Heath, Donovan and Mcdaniel","9243 Walter Plaza Suite 407
West Robertborough, NY 77764",1128826917,pgrimes@gonzalez.net,55
55,Patton Ltd,"PSC 5590, Box 5433
APO AA 08104",882-420-5520x26071,rhaynes@brown-jennings.com,56
56,"Singh, Lowe and Lester","84465 Sheila Row Apt. 687
Myersfurt, NV 14882",001-557-696-1860x106,floresmelissa@hill.com,57
57,"Gilbert, Schneider and Campbell","2938 Matthew Key
East Jennifer, KS 47850",(306)300-0578x724,marcusramsey@armstrong-ingram.com,58
58,Richardson-Sweeney,"56093 Kelly Glens
Michaelhaven, MI 50391",492-975-5099,haydentaylor@lopez-lucas.com,59
59,Rivera-Evans,"Unit 4874 Box 2810
DPO AA 34022",+1-059-595-3167,jeffrey45@meyers.org,60
60,Carr PLC,"604 James Greens Suite 416
Stewartmouth, MS 97693",2665794926,victormiller@bailey.net,61
61,"Matthews, Bauer and Dean","Unit 6111 Box 3059
DPO AE 45882",+1-283-530-5023x6795,randalltrevino@shaw.com,62
62,Ibarra-Wall,"960 Cassidy Radial
Gracemouth, WA 72513",717.023.2918,olowery@bennett.com,63
63,Gonzales-Hill,"111 Jeffrey Ferry
East Brendan, CO 94474",(499)396-4529x3798,kenneth40@garrett.org,64
64,Cooper-Perez,"76514 Grant Street Suite 267
North Seanbury, FL 80758",+1-729-531-5175,gardnerrichard@carroll-evans.biz,65
65,Carrillo PLC,"853 Vanessa Hill
Barbarashire, WV 57615",(937)852-7618x386,bkelly@foster.info,66
66,"Hall, Allen and Clark","428 Shepard Viaduct Apt. 218
Port Ebonyshire, CA 63112",(349)386-9710x7700,dave72@nelson.com,67
67,Smith-Simon,"82817 Sara Junctions Suite 457
West Bryanfort, AL 13473",+1-241-038-3736x9096,figueroamichael@pearson.info,68
68,"Cole, Bell and Davis","3376 Ferguson Manor
Colemanburgh, CT 93798",(273)964-5792x34274,sharon06@weeks-delgado.com,69
69,Gross Ltd,"1458 Edwards Camp Suite 982
Monicaland, NH 81200",001-985-392-1736,christopher76@martinez.com,70
70,Cooper Ltd,"15492 Gregory Manor Apt. 345
East Angelica, IA 62359",043-370-3408x5503,tracy76@clark.com,71
71,Franco-Villanueva,"7762 Hall Knolls
Sallystad, NV 54439",(828)667-3966x9807,stacyjohnson@griffin.biz,72
72,"Collins, Booth and Jones","273 Alyssa Squares
Heatherland, NY 06706",001-734-454-6642,glennarmstrong@heath.com,73
73,Smith-Hunt,"15098 Christopher Village
Stewartmouth, KS 05883",(058)164-5384x411,cynthiagomez@anderson.biz,74
74,"Warren, Gregory and Fitzgerald","06917 Douglas Well Apt. 489
Jenniferside, KY 07119",(640)476-7419x2510,qtaylor@harrington.info,75
75,Carter LLC,"Unit 7592 Box 8641
DPO AP 96546",001-279-201-2837x6839,victorialozano@lambert.com,76
76,Davis-Farrell,"304 Bell Mews Apt. 354
Robertburgh, UT 14748",260-065-0486,fstephens@olson.com,77
77,Nguyen-Fox,"6107 Karen Well Apt. 962
Jeanmouth, NE 19339",554-886-9780x27456,carolynwilson@obrien.info,78
78,Butler-Davis,"122 Contreras Meadows Apt. 046
Steinborough, DC 67266",459-780-3344,seanclark@richardson.org,79
79,"Diaz, Lewis and Hill","0850 Medina Mountains Apt. 604
Lake Daniel, RI 60158",+1-444-877-7242x013,troydiaz@mcbride-stevens.com,80
80,Davis and Sons,"1405 Raymond Oval Apt. 815
New Dwaynestad, AK 88969",223.786.8717,psullivan@arnold.com,81
81,"Day, Rodriguez and Jones","124 Elizabeth Inlet Apt. 265
South Danielle, TX 89377",(059)385-6711x858,lbush@henry.org,82
82,"Nelson, Guzman and Adams","Unit 7974 Box 6022
DPO AA 97400",852-282-0716,williamskyle@hodge.com,83
83,"Chandler, Wang and Meadows","5913 Jason Oval
South Markstad, WV 82976",+1-930-729-6029x5613,kaylaliu@lyons-allen.com,84
84,"Robinson, Horton and Cox","16821 Terri Rapids Apt. 518
Rodriguezberg, IN 96094",511.062.6475x915,kevinking@smith-ross.com,85
85,Davenport-Peterson,"8927 Gomez Haven Apt. 999
Stephenberg, MI 98862",001-748-446-7177x464,alexistran@mendez-howell.com,86
86,"Stanley, Contreras and Walker","778 Horn Light
East Debra, MT 05890",915-483-8124,vmann@olson.net,87
87,Wheeler-George,"7613 Kevin Bypass Apt. 648
Lake Robertberg, MO 28161",106-196-1848,martineznicole@case-howe.biz,88
88,Scott Group,"3828 Dean Orchard Suite 936
West Kristine, OR 28824",+1-408-778-3725,tanya37@davis.info,89
89,Salazar-Callahan,"5009 Phillip Cliffs Suite 529
North Dianehaven, OH 19128",(882)279-3903x8944,johnstonholly@davis.info,90
90,Brown Ltd,"070 Miguel Roads Suite 766
Rebekahfort, GA 35088",(301)977-8368x8179,williamssuzanne@allen.com,91
91,"Smith, Perez and Anderson","976 Jessica Plains Apt. 592
Hernandezberg, AL 69214",022-596-4139x27949,mburns@cooke-king.info,92
92,"Patel, Costa and Mercado","6681 Valencia Plains
West Lindsey, IL 87419",001-058-525-2669x544,brittany73@nelson.com,93
93,Walker-Mills,"5399 Brittany Lodge Apt. 547
Doyleport, VT 10322",(121)709-2909x92391,david16@may-sanchez.info,94
94,Mitchell-Sims,"977 Brian Isle
Matthewchester, IA 92423",289-096-9871,christopherking@franco.com,95
95,Mccullough-Flores,"34699 David Motorway
Mejiaside, NM 25722",207.652.3548x7428,barbarajohnson@middleton.biz,96
96,"Mendez, Walker and Clark","7978 Rogers Coves Apt. 598
East Ritaview, OR 77683",731-684-4768x244,teresagreen@myers.org,97
97,Wang Inc,"282 Hughes Track Suite 895
Freemantown, WV 51378",+1-973-830-5345x9536,gabrielolson@bautista.com,98
98,Flores-Henderson,"77358 Claudia Station
West Jessicaburgh, MD 69408",123.366.4025x1842,lesliefinley@stout.info,99
99,"Hernandez, Lopez and Lozano","6235 Amy Harbor Suite 470
New Kevin, UT 63636",+1-509-862-2891x879,traci82@gamble.net,100
100,Reid-Atkins,"88199 Park Throughway
East Darrylberg, DC 74127",(599)407-0784,eavery@cunningham.com,101
101,"Davis, Irwin and Gates","257 Juan Glen Suite 509
Jerryport, WV 00607",+1-483-488-5383x1534,hoodjustin@thomas-bray.com,102
102,Martin-Williams,"97681 Nicole Shoal
Port Lisaburgh, AK 70443",(351)389-3325x87456,mikemassey@richards.com,103
103,"Russell, Burnett and Glover","4809 Todd Overpass Apt. 704
South Samuel, FL 99907",+1-571-791-3182x4051,david70@reyes-huber.com,104
104,"Alvarez, Reyes and Ballard","604 Simmons Stravenue Suite 843
Yangstad, NE 66462",175.506.8580,rebecca68@hernandez.com,105
105,"Mills, Morrison and Carroll","940 Jackson Loaf
Michaelmouth, OH 18304",+1-805-728-4821x230,mjimenez@murphy.com,106
106,Hanson Inc,"88715 Renee Station
Amandamouth, WA 09333",747.769.2128x13782,qmueller@moore.biz,107
107,Wilson PLC,"5587 Chavez Islands Suite 279
Vaughnside, OK 96341",776-204-9448,diana69@morrison.com,108
108,White Group,"713 Klein Haven Apt. 493
Thomasborough, NJ 68517",030.744.8232x324,melissahunter@osborne.info,109
109,Jennings Ltd,"642 Harris Passage
North Hollyburgh, LA 36283",(079)233-1002x73067,gneal@nichols-collins.com,110
110,Smith and Sons,"USCGC Richards
FPO AE 64822",9681489874,theresa82@hickman.org,111
111,Johnson-Hartman,"4273 Jessica Village
New Robert, IN 46580",(710)590-5876x648,jason38@king.com,112
112,Ramirez-Garcia,"675 Todd Street
South Courtney, UT 36281",151.426.6258x360,martinezcarrie@castro-ferrell.com,113
113,Adams Group,"9628 Curry Locks
Hernandezstad, IL 70829",302-924-5476,wneal@tucker-miller.org,114
114,Lane-Taylor,"8828 Smith Ways Suite 059
West Reneetown, GA 04636",483.744.7384x9548,zwinters@cooper-herring.com,115
115,Whitaker-Willis,"0371 Bright Glens Apt. 769
Kendrafurt, WV 35981",001-081-161-5752x17674,danielsmith@griffin-anderson.com,116
116,Chen Ltd,"92012 Wayne Vista Apt. 427
Lake Jeanne, DE 68509",545.601.4202x335,rmitchell@turner.org,117
117,Chen LLC,"483 Solis Ville Apt. 601
Hickstown, NH 43080",(879)795-7055x082,ewalker@schmidt-garcia.net,118
118,"Hernandez, Davis and Thompson","68998 Christopher Hollow Apt. 970
Sabrinastad, NM 14371",(485)694-8251x24518,ryanrhodes@lee-miles.com,119
119,Williams Group,"25792 Jesse Mission
Phamside, OK 46397",6315446726,pwarner@baker-hines.net,120
120,Martin-Montgomery,"85503 Solomon Harbors
Port Carlos, AL 74282",+1-854-792-9179x48155,chelseagreen@garrison.biz,121
121,"Oliver, Cherry and Pruitt","USNS Hall
FPO AP 40168",767.833.9778x1995,alexandria98@jensen.com,122
122,"Taylor, Waller and Edwards","Unit 5522 Box 4307
DPO AP 45159",850-259-5984,lamashley@yang-lopez.com,123
123,Preston-Moore,"84962 Glover Circles
Clarkfort, VA 93834",414.898.1172,john19@howell-oconnor.com,124
124,Luna-Martin,"779 Campbell Stravenue Suite 795
Desireebury, CA 91189",001-138-529-2955x403,harry91@velez-davis.com,125
125,Anderson-Arnold,"96818 Linda Drives
New Karen, KY 68890",(589)468-9033x86695,brian77@roberts-hoffman.com,126
126,Ray-Lopez,"5042 Willis Fall
South Manuelburgh, IA 60099",372.857.5317x5288,richardsontaylor@maldonado.com,127
127,"Pearson, Leon and Newton","78309 Raymond Lake
Cynthiamouth, OR 47024",+1-267-563-4230x8985,victoria86@miller-watson.com,128
128,"Wade, Wallace and Rodriguez","2024 Steven Station Apt. 990
South Victorside, NV 08896",(485)313-9064,nicholas37@patterson.com,129
129,Johnson-Delgado,"15358 Matthew Parkway
Alyssaland, MT 83077",+1-897-716-5094x9454,benitezlindsay@juarez-hernandez.net,130
130,"Smith, Preston and Schwartz","8188 Dalton Place
Jaredtown, CT 07298",806-413-0775,gregorychristopher@morales.com,131
131,Soto-Griffin,"Unit 8351 Box 9849
DPO AE 99677",982.679.3384x64261,sandra59@melton.com,132
132,"Flores, Miller and Ball","77013 Jones Corners Suite 003
North Matthewbury, VT 36487",7037247082,adam04@bautista-murillo.com,133
133,Wright Inc,"754 Erika Shoals Suite 310
Bethanymouth, IN 89794",(043)880-5533x5548,adamslogan@robinson.net,134
134,Wilkerson Inc,"9225 Lane Place
West Michaelchester, MS 78193",+1-976-841-1552x421,ulopez@diaz-huff.com,135
135,Ellis Ltd,"65206 Thomas Glen
Lopeztown, ND 23139",6661156843,petersoncourtney@thompson.com,136
136,Snyder and Sons,"Unit 4331 Box 1846
DPO AP 38546",(639)635-7345x1460,blevinsamy@austin.com,137
137,"Hart, Compton and Smith","909 Marcus Fall Apt. 925
Yangberg, AK 30548",507.049.2661x813,paulaharrell@pena-hayden.com,138
138,Martin-Sanford,"06952 Sharon Brooks Apt. 226
South Matthew, ME 20538",784.628.1465,bprice@lee.com,139
139,Patterson Ltd,"616 Savannah Street Suite 167
West Ashleyborough, MT 43942",001-151-981-8324x97825,woodmark@green-williams.com,140
140,Williams and Sons,"7599 Laura Ranch Suite 433
East Apriltown, ME 90250",261.764.1597x342,john24@crosby.com,141
141,Baker PLC,"33557 Gutierrez Loop
Michellefort, OR 34393",042-523-4040x38731,huffkyle@sims.com,142
142,Long-White,"10483 Washington Skyway
Smithhaven, LA 64283",+1-213-315-8041x27076,jmartinez@barnett.com,143
143,"Griffin, Brown and Gomez","2466 Hardy Ridge
West Melissa, IA 70514",+1-504-684-6542x84730,bradley55@singh.com,144
144,"Jennings, Davis and Wyatt","USS Wyatt
FPO AE 77357",(139)325-5567x0614,denisewood@stewart.com,145
145,Cooper and Sons,"162 Sheppard Corners Apt. 279
Port Brentmouth, AZ 16439",001-996-282-4613x52256,jasonsmith@miller.info,146
146,"Roy, Hendricks and Peters","002 James Valleys
Lake Manuel, NH 19856",530.680.1344,james87@mendoza-ramos.com,147
147,Gonzalez-Lowe,"07358 Jaime Island
Lake Jerrystad, TN 17458",+1-693-029-8324x59685,wellsjoshua@allen.com,148
148,"Brown, Bates and Hebert","0484 West Stravenue
Harmonville, CO 57013",001-408-041-9574x2326,alexanderjoel@harvey-henry.com,149
149,Williams-Ruiz,"177 Warren Terrace
Autumnfurt, MD 10210",(359)135-8214x205,cmoon@carr.biz,150
150,Johnson-Palmer,"61366 Scott Wells Suite 817
West Jonathanland, FL 90662",0947895229,orrjeremy@bradley.org,151
151,Flynn Ltd,"06346 Nguyen Islands
Garnerhaven, RI 80151",(242)079-5686x846,cwhite@bradshaw-montgomery.com,152
152,Morales-Marquez,"15441 Tran Extension
East Jessica, NY 27302",650.300.7774x7375,drobertson@smith-stone.com,153
153,Obrien PLC,"71855 Christy Ridges Apt. 734
Port Vanessabury, AZ 52214",094-908-7218x356,bailey45@nelson-collins.info,154
154,Ross and Sons,"552 Harmon Rapid
East Kathy, IL 70792",195-337-1637,aprilwoodward@clark.info,155
155,"Johnson, Lewis and Warren","365 Hernandez Fork Apt. 364
Melissastad, HI 95627",271.494.3528,thomas94@rosales.org,156
156,Guerrero-Fleming,"129 Tucker Circle Suite 641
Lake Evelyn, MS 56752",242-082-3001x3799,jamiebaker@chapman.com,157
157,"Fischer, Vega and Hansen","816 Cindy Forest Suite 211
East Brenda, OK 59896",+1-549-359-7289x7857,victorflores@peterson.com,158
158,"Henderson, Lopez and Williams","129 Murphy Junctions Suite 800
Lake Anthony, ND 26951",+1-042-969-3711x88862,prattjonathan@conner.com,159
159,Gallegos-Campbell,"715 Julie Burg Suite 236
New Paulabury, NY 48138",950.581.8702x8519,jwilliams@wilson-forbes.info,160
160,Jackson-Abbott,"7835 Richard Streets
Port Carol, AK 41998",(859)537-3378x2323,knightbarry@george-wagner.com,161
161,Williams Ltd,"99239 Jessica Mission
Smithburgh, DC 82958",240-221-3685,lrivera@russell.org,162
162,"Young, Huber and Mack","9391 Evans Divide
Ortiztown, MT 90201",001-427-624-3507x42685,njones@mitchell-perez.info,163
163,"Lee, Grimes and Allen","400 Tina Trafficway
East Brittanyville, AL 35359",185.072.2441,kellywood@lane.info,164
164,Woodard LLC,"2070 Jennifer Circle Apt. 908
West Peter, GA 98748",+1-803-492-9838x8032,mary73@johnson.com,165
165,"Webb, Green and Brown","1417 Chavez Ranch Apt. 078
Phelpsbury, MD 29455",8589161699,hilldaniel@kelly.biz,166
166,Dixon-Martinez,"81072 Andre Field
East Jamie, MA 80247",136-016-0317x505,morrisshelly@henson.com,167
167,"Long, Murphy and Harris","578 Dillon Ranch Suite 247
Robertton, AK 09852",378-218-9722,brian21@dickerson.com,168
168,Phelps-Fischer,"PSC 0386, Box 5217
APO AP 43997",016-104-7051x782,bthompson@brooks.biz,169
169,Hubbard PLC,"4919 Jorge Extensions Suite 099
Moorestad, OK 95059",032.398.1849,coreystewart@leonard.com,170
170,"Hull, Melendez and Wright","4898 Susan Loop
West Jillville, DC 11406",851.290.8570x9280,patrickochoa@tran-harris.com,171
171,Brennan-Kemp,"Unit 5754 Box 7053
DPO AA 64661",+1-547-322-9513,qkaiser@jackson-delgado.com,172
172,Guzman Inc,"70302 Church Prairie Apt. 814
Arnoldside, WA 62186",162-175-4343x47423,williamsjamie@dominguez.com,173
173,"Anderson, Smith and Hayes","7741 Kyle Avenue
North Melinda, NJ 35869",(927)881-3816,norrisdale@washington.com,174
174,Sanchez-Reeves,"Unit 6049 Box 0997
DPO AA 18692",+1-969-483-7926x170,leah65@gordon.info,175
175,Douglas PLC,"7398 Heidi Mountains
Port Julie, MA 73741",(832)559-4645x6710,jessica15@alvarez.com,176
176,Vargas and Sons,"060 Rodriguez Underpass
Janicechester, CT 82391",592.827.9685x08573,fordrachel@mccormick-bowers.com,177
177,"Watkins, Jacobson and Martinez","6039 Romero Cove Apt. 451
Smithmouth, NY 99063",(640)373-3824,joshuahernandez@irwin-nelson.com,178
178,Mccoy-Floyd,"USNV Nguyen
FPO AE 24208",599.354.2836,dennisjohnson@burns.com,179
179,Mcgrath LLC,"4682 Kaiser Island Apt. 682
East Paulaburgh, ID 99945",(627)794-0464,cynthiaanderson@davis.net,180
180,Foster LLC,"7034 Sonya Mount
Anitashire, WI 33986",001-565-377-5205x3822,ccook@phillips-lawrence.info,181
181,"Martinez, Willis and Brown","92373 Melinda Centers
Chandlerberg, PA 42808",+1-441-574-2739x6705,angelica14@livingston-wheeler.com,182
182,Young PLC,"1654 Kaylee Mount Apt. 418
North Jason, RI 79225",+1-585-090-5342,rhondawarren@anderson.info,183
183,"Nguyen, Serrano and Rasmussen","6528 Arnold Junction Suite 555
North Ralphville, HI 04494",255.067.0995,rfuller@santiago.com,184
184,Ferguson Ltd,"8353 Young Islands
Lake Christina, TX 24684",268-841-7054x428,michael12@johnson.com,185
185,"Wheeler, Murphy and Nunez","86056 Silva Hollow
Lake Suechester, OH 14937",929.277.9166,colemanashley@martin.com,186
186,Nunez and Sons,"614 Smith Ways Suite 725
Smithside, MA 12577",+1-968-731-0584x938,codyblake@mcdonald-peters.com,187
187,"Hill, Taylor and Cook","085 Ford Road Apt. 874
Jasmineton, IL 63320",+1-706-992-1179x1533,jonathanvelasquez@howard.com,188
188,Hall-Harding,"97555 Lauren Bridge Apt. 342
Jonesstad, DE 84157",3751203688,psimon@dunlap.com,189
189,Hunt-Mann,"739 Clarke Key Suite 034
Kevinfurt, NC 81291",879.112.9924,wjohnson@adams.com,190
190,"Underwood, Jenkins and Nguyen","9350 Brown Landing Suite 276
Luisport, AL 09212",447.256.5065x9834,kimberlyhall@townsend-collins.com,191
191,Hart-Soto,"4450 Jenkins Extensions Suite 193
West Alexville, TN 96140",611.936.2213x5062,richardhaney@nelson.com,192
192,Flores Inc,"9802 Garza Wall
New Melissa, NV 00756",(168)640-3733,collinseric@harris-harper.org,193
193,Barnett-Turner,"505 Nunez Ridge Apt. 686
Port Hannahberg, AR 41315",404-441-8042x85073,donaldduran@griffith.com,194
194,Evans and Sons,"Unit 9247 Box 4223
DPO AP 81561",020-175-9434,cruiz@miller-lara.com,195
195,"Cunningham, Dickson and Young","44623 Phillip Vista Suite 380
Tylerchester, MO 82736",+1-385-389-2674x9041,gchristian@lopez-gray.com,196
196,Barron Inc,"940 Carney Meadows Apt. 031
Coryview, OH 46218",+1-876-371-7094,bwhite@valencia-snyder.com,197
197,"Beltran, Nicholson and Miller","Unit 6850 Box 6966
DPO AE 03286",001-214-318-9550x04670,wburch@edwards.info,198
198,Houston LLC,"USS Norman
FPO AE 36633",1840743603,shelly60@delacruz.com,199
199,Gray-Peters,"402 Shirley Crescent
Rodriguezmouth, MA 34265",+1-240-642-7941x1960,megansmith@clark.biz,200
200,Rivers-Phelps,"031 Jones Glen Apt. 154
East David, OK 26727",(228)639-6165,znicholson@cooper.net,201
201,Taylor-Singleton,"124 Shaw Square
South Meaganview, OK 29875",001-864-911-1018x95093,mary43@proctor.com,202
202,"Harris, Powell and Brady","33113 Evans Squares
Royport, MA 20074",980-271-6265x156,jillian72@mathews.net,203
203,Green and Sons,"88868 Parrish Oval Apt. 409
West Derekmouth, KS 21090",001-728-526-9544x592,nrivera@garcia.biz,204
204,Ramirez-Williams,"4205 Rebecca Parks
Torresburgh, NV 10085",001-376-693-4413x5910,morrisdonna@fernandez.com,205
205,"Rivera, Orozco and Mayer","75210 Wood Lake
Elaineport, CT 13938",(974)768-3072,lambertsarah@duke-nelson.com,206
206,Cox and Sons,"488 Meyer Lodge Apt. 644
South Logan, UT 60708",140-918-2692x0436,sotochristopher@hooper.com,207
207,Edwards-Mathis,"3832 Acosta Stravenue Apt. 611
Cindytown, NC 69822",127-788-3706,lisa59@cuevas.com,208
208,Obrien-Ramirez,"3771 Poole Stravenue
Lisaville, MT 78644",+1-420-695-5338,rknox@solis-martinez.com,209
209,"Nunez, Johnson and Jones","98649 Roberts Crest Apt. 565
Dannytown, IN 05356",292.030.6177x594,jay02@campos.net,210
210,Harper-Meyer,"467 Gray Causeway Suite 108
Michaelborough, RI 15755",+1-309-081-9051,jporter@smith-smith.net,211
211,Ramos-Moore,"19350 Pearson Stravenue Suite 454
South Zacharyshire, KY 84880",001-264-935-3169,xsalas@vang-levine.com,212
212,Rodriguez-Ryan,"951 Kaitlyn Oval
Johnville, KS 46008",001-223-492-7174x360,ashleyjennifer@day-walker.com,213
213,Cuevas-Garner,"PSC 8212, Box 9289
APO AP 22196",652.295.1609x921,armstrongkim@harrison.org,214
214,Flores-Lewis,"78271 Davis Island
North Christinaville, LA 24421",270.090.9866x0747,chambersandrew@harris-green.com,215
215,Solis Group,"2201 Murray Lights Apt. 278
Lake Edwardport, FL 27241",001-392-179-9006x23472,joshua52@duran.com,216
216,"Gibson, Warren and Williams","2616 Walker Mills
Kellyville, RI 45089",329.242.2708x7866,mark39@lambert.com,217
217,"Nguyen, Kennedy and Rodriguez","77683 Johnson Center Apt. 314
Chaveztown, NJ 67740",191-868-8248,jessica47@thomas.com,218
218,May-Anderson,"703 Crawford Harbor
West Julie, ID 65813",+1-469-335-6504x0586,ihall@griffin.com,219
219,Jimenez and Sons,"Unit 0169 Box 4851
DPO AP 39939",(266)979-7997x0142,ljohnson@white-hernandez.com,220
220,Mccormick-Moreno,"588 Tyler Cape
Danielburgh, NM 66948",1033625113,stephanie59@zuniga-hanson.biz,221
221,Wright Inc,"495 Rebecca Corners Suite 136
Haneyburgh, TX 55926",001-609-448-1334x321,ogallagher@clark.net,222
222,Hansen-Silva,"PSC 6756, Box 1445
APO AE 55038",+1-639-001-3613x059,tammy54@roach.com,223
223,Compton-Cannon,"501 Willie Mews Suite 021
Bonillaview, PA 28317",+1-523-989-4664x638,crystalwilliams@ruiz.com,224
224,Brown-Davis,"8803 Clay Rapids
Blanchardborough, NM 63978",881.964.6921x79957,cynthiabrown@white.org,225
225,Alvarado-Smith,"23532 Keith Drive
Lake Jamesborough, ME 68071",(986)138-6492,owenssusan@ramirez.com,226
226,Morris PLC,"4040 Hays Ridges Suite 545
Lake Tricia, VT 94637",5021917778,anthony23@wright-campbell.org,227
227,Ferguson-Gay,"632 Clayton Motorway Suite 165
Matafort, NE 55101",031.000.1119x21501,larameghan@khan.com,228
228,Parsons LLC,"4246 Elaine Point Suite 687
South Robert, NE 07521",(895)489-8783,wilsonkayla@rose.com,229
229,Werner Inc,"Unit 5091 Box 1047
DPO AE 98500",+1-822-391-0238x2145,melaniebaker@hawkins.com,230
230,Charles Inc,"9897 Glenn Port
Port Denise, GA 51223",434.976.6840x225,simoncasey@morrison.com,231
231,Weaver and Sons,"03724 Baker Terrace Suite 879
Lake Melissa, KY 44668",246-863-9213x22247,wpratt@fleming.info,232
232,Mcgee-Webb,"71661 Alicia Islands
Reedport, CT 22398",001-120-208-9615x6310,umcgee@allen.com,233
233,Obrien Inc,"897 Floyd Shores
Christopherfort, AL 45028",597-112-6670,aellis@gardner.com,234
234,"Hill, Thompson and Mcdaniel","3427 Lee Road Apt. 477
East Randyville, AZ 61126",674-818-0040x9786,lauren05@kelly.com,235
235,Mckenzie LLC,"749 Melissa Ranch
New Briannafort, NJ 81481",+1-896-281-3371x857,williamsmarie@maxwell.com,236
236,Ochoa-Mendez,"473 Erin Road
Coryland, IN 02081",915.794.6348x84648,heather25@perry.net,237
237,Chandler-Christensen,"1943 Ryan Drive
Ellenberg, WV 10858",842-364-3312x853,xharris@hernandez.net,238
238,"Cooper, Gutierrez and Garrett","067 Joseph Walk Apt. 231
Lake Apriltown, ID 00582",+1-301-539-0707,emily47@bailey.com,239
239,Mason PLC,"998 Jeffery Walk Apt. 721
Lake William, CO 29988",(139)835-2630x6674,kathleendiaz@zamora-scott.com,240
240,"Collins, Dixon and Byrd","82526 Linda Club Suite 047
Hollytown, NV 87055",(974)986-7412x7637,rogersjames@vargas.com,241
241,"Archer, Gentry and Ward","PSC 4570, Box 3242
APO AA 74641",418-675-8388x594,stephanie63@rivera.biz,242
242,Washington-Garcia,"43847 Stacey Fields Suite 214
Port Matthewhaven, VT 49854",(132)330-1782x725,nmurphy@davis.biz,243
243,Sweeney-Johnson,"409 Burgess Meadow Suite 877
Nixonburgh, AZ 15668",734.339.1942,nelsonashley@steele.biz,244
244,Scott-Nolan,"00600 Bryan Island
Lake Michaeltown, NM 10893",+1-487-355-2131x711,tracygarcia@wong.info,245
245,Hunt-Wolfe,"USNS Wilson
FPO AA 82001",558-345-9512x34135,smithfernando@kent-haney.net,246
246,Henson Inc,"0119 Jonathan Junctions
Deniseport, DC 56093",465-534-2920x90226,claycolleen@harris-wall.com,247
247,Johnson Ltd,"5540 Lisa Gardens
West Maria, MN 11455",+1-708-963-6448x0944,fbrooks@brown.com,248
248,"Bell, Shelton and Mccormick","09988 Alvarado Ridge
Port Rachelville, IN 13982",(219)287-3855x4828,jennifer53@robinson.com,249
249,"Johnson, Smith and Evans","7848 Benjamin Row Apt. 234
Richardsonburgh, IN 48990",646.535.0443x70790,bholt@jones-tanner.biz,250
250,"Hanson, Hill and Gonzalez","2059 Schneider Mount
Jamesburgh, MA 41621",(784)593-0027x84607,melissawalton@silva-perez.com,251
251,"Miller, Moon and Mcmahon","35503 Melinda Harbors Apt. 300
Lake Nicoleborough, NM 38398",690-998-5613,vsanchez@miller.com,252
252,Sullivan PLC,"05907 Christopher Knolls
Claytonfurt, MT 20706",4533474909,jasminewillis@evans.net,253
253,Acevedo-Robinson,"788 Lamb Harbor
West Maria, NE 22837",984.317.4756,michaelayers@austin.com,254
254,Dyer Inc,"3772 Jared Center
West Douglasport, LA 11867",+1-574-421-2505,kevinnolan@ashley-stephens.com,255
255,Moore-Smith,"3337 Banks Hills
South Jacobshire, ND 50638",001-138-959-8800,bentonkevin@crane.com,256
256,Franco Inc,"2408 Irwin Burg
New Katelyn, MD 15934",+1-827-727-5774x736,erika52@baker.com,257
257,Fletcher-Cooper,"Unit 6898 Box 9203
DPO AE 92695",652.769.1413,danielpeter@watts-hall.info,258
258,"Wilson, Ewing and Ramirez","362 Olson Garden Suite 611
West Christopherland, WA 64996",5941390024,chelsea05@fletcher.com,259
259,"Reese, Young and Barnes","891 Taylor Extension Apt. 447
Travisborough, MA 26117",001-950-433-9940x7592,claudiagiles@phillips.net,260
260,"Adams, Lee and James","3261 Theresa Plains Suite 254
Heidihaven, WY 73602",547.713.2197x0373,bmosley@watson-harper.com,261
261,Nelson-Lewis,"54060 Jeffrey Freeway
Port Chelsea, DE 79380",380-656-7195x680,erika87@young.org,262
262,"Green, Shea and Davidson","159 Lyons Club Suite 349
Christopherside, SD 17783",(206)779-7338x0235,yvonnerosario@bell-rose.com,263
263,Hoffman-Harvey,"62652 Katelyn Glen
Christopherfurt, CO 29833",152-557-3057x601,lrodriguez@olsen.net,264
264,Hill PLC,"37868 Koch Flat
North Jonathantown, ND 32048",(253)357-2390,vcooper@hoffman.com,265
265,Kelley Ltd,"299 Johnson Orchard
East Stephenborough, VA 37525",+1-153-258-1744x77955,bassbrandon@cortez.info,266
266,Hall LLC,"PSC 9884, Box 5602
APO AA 98989",409-652-4215x393,hwalker@jackson-holt.org,267
267,Griffith-Moses,"57840 Jessica Shoal
South Carriemouth, WI 77720",(721)924-7279,jordan76@bush.biz,268
268,Bennett Group,"564 Turner Knoll Suite 714
North Edwardshire, NE 64654",+1-084-292-4318x848,wfreeman@flores-perez.com,269
269,Watson and Sons,"672 Roberts Underpass
Port Brookeburgh, TN 91998",+1-868-450-3874x71406,byrdmichael@stark.net,270
270,Gilbert Ltd,"2296 Bowen Mount Suite 553
Garciashire, CT 13793",(810)397-7507x146,johnsonrodney@stewart.com,271
271,"Choi, Flores and Sanders","6627 Kayla Wells Suite 554
Michaelstad, OK 07705",001-730-812-3570x78927,ftyler@armstrong-gonzalez.com,272
272,Thompson-Hardin,"381 Calderon Forge
East David, TN 90136",848-514-9135,bpatterson@hurley.com,273
273,Griffin Inc,"134 Becker Trace Apt. 439
Port Matthew, ND 10036",001-454-447-3523,chenderson@powell-mason.info,274
274,"Guzman, Gill and Williams","524 Collins Extensions Suite 471
Port Thomasland, MD 21521",(748)315-7802x5347,stephen24@williamson.com,275
275,Cole-Barry,"46519 Becker Via
Lake Connietown, NV 84960",001-098-889-7411,millerwayne@foster.com,276
276,Murphy-Gates,"2153 Deanna Trail Apt. 181
Port Michaelstad, VA 50836",487.182.0655,matthewchapman@ho.com,277
277,"Kelley, Boyd and Davis","USNS Williams
FPO AA 80459",207.088.5676x379,andrea58@ware.com,278
278,Finley Inc,"6319 Watkins Lake Apt. 992
Lake Denise, WY 36106",001-640-402-0379x71770,ngonzalez@pugh-ramos.biz,279
279,"Zimmerman, Bishop and Frank","2150 Christopher Isle
East Matthew, DE 38646",(341)989-4943x55569,thomasdeborah@reynolds.com,280
280,Acosta Ltd,"92534 Lowe Cliff Apt. 105
New Douglas, UT 62567",358.795.4640,april16@davis-underwood.com,281
281,"Jones, Holden and White","USNV Perez
FPO AP 09196",749.335.0673,gball@hardin.org,282
282,"Ramos, Adams and Cantrell","PSC 0566, Box 9847
APO AP 20954",(290)302-2736x02136,taylorjennifer@shepherd-perez.com,283
283,"Flores, Shepard and Williams","81032 Peterson Gardens
Andersonberg, KS 89391",9653688468,austinmeghan@thompson-brewer.org,284
284,Bradley Inc,"Unit 8902 Box 5020
DPO AE 20132",(011)709-6613,brian63@gonzales.net,285
285,White LLC,"74943 Ramirez Cliff
North John, OH 21957",9888487709,jbranch@walker.info,286
286,"Thomas, Murray and James","855 Trevor Inlet
North Tammy, MD 99052",(855)830-3661x87940,wademelissa@hogan.info,287
287,Arnold LLC,"5885 Reyes Springs Apt. 553
Stephensfort, MI 95814",(460)773-0711x26244,ubowers@fletcher.biz,288
288,"Perez, Kennedy and Miller","679 Charles Center
East Cindy, UT 39104",+1-571-155-2525x36648,paulmacdonald@le.com,289
289,Johnston-Hudson,"Unit 4052 Box 4468
DPO AE 63003",001-642-467-9004x1158,speterson@hall-taylor.com,290
290,"Howell, Williamson and Esparza","77052 Campbell Pass Suite 281
Lake Wendyburgh, NY 52482",8966867862,vasquezjames@bartlett.com,291
291,Espinoza and Sons,"Unit 6969 Box 9420
DPO AP 60179",+1-263-649-4183x0767,ewilliamson@pratt.com,292
292,"Greene, Hodges and Fernandez","372 West Views Suite 478
Wallerchester, MO 02346",153.016.0085,phillipsmark@harris-collins.net,293
293,Harris Group,"76912 Derrick Ramp Suite 500
Josetown, PA 25815",(176)707-2969x6392,mhill@jenkins.com,294
294,"Moore, Allen and Dunn","6882 Pacheco Crossroad
Port Robert, WA 07688",001-648-217-0496x519,qwalker@cortez.org,295
295,"Lane, Jimenez and Collins","6667 Gomez Stravenue
Cherylport, CT 24407",001-253-292-8736,lamberttyler@hendricks-butler.com,296
296,Rodriguez-White,"23151 Fowler Extension
East Chadland, TN 86132",+1-838-552-2513x34318,stevensonphyllis@kramer-mason.net,297
297,"Ramirez, Chavez and Thomas","21277 Stefanie Islands Suite 908
Robertmouth, WY 98405",534-105-1990,whitakerkelli@middleton.com,298
298,"Carter, Davis and Dunn","66983 Jeremy Ranch Suite 520
Edwardsville, KS 21625",541.916.3332,carpenterjessica@williams-ortiz.info,299
299,"Graves, Taylor and Dawson","2932 Mark Divide Suite 791
West Ginamouth, MO 55877",164.232.1946,lawrenceelaine@singleton-riley.org,300
300,Rice Inc,"PSC 6862, Box 5603
APO AA 85021",984-377-2039x0258,kimberly17@rivers.com,301
301,Taylor-Petty,"Unit 4148 Box 9369
DPO AP 90180",459.302.8241x603,nguyenjoshua@booker.com,302
302,Yang-Vance,"740 Gomez Summit
Danielleville, AK 47517",(045)784-3245x29589,ebailey@rangel.com,303
303,Lane and Sons,"007 Ellen Parks Apt. 205
North Biancaside, VT 95556",001-592-237-7849,ttaylor@orozco.biz,304
304,"Barnes, Hill and Garza","7033 Brewer Pine
East Kara, CT 41968",548.372.7034,kevin75@mckay-kennedy.com,305
305,Hart-Bailey,"PSC 2907, Box 9879
APO AE 73689",+1-012-927-2982x526,sheiladiaz@morales.com,306
306,"Shaw, Hughes and Ayala","4444 Christopher Key Apt. 606
Michellemouth, SD 63076",734.192.6255x519,christine94@anderson.com,307
307,Smith-Cox,"USCGC Wilkinson
FPO AP 97304",(755)637-5926,jessica52@martinez-chen.net,308
308,Le-Carlson,"USS Mitchell
FPO AP 98789",+1-429-357-1822x4341,tfowler@rivera-wiley.com,309
309,Caldwell-Ellis,"58480 David Light Suite 827
Jennifermouth, ID 49046",001-828-154-8381x2533,tstevens@cherry.com,310
310,Orr-Butler,"9330 Jo Dale
Royhaven, OK 41982",8552040575,scottgriffin@gallagher.com,311
311,Fletcher-Wright,"2609 English Isle Suite 705
Christopherbury, CT 10558",708.525.6378x431,morganwilliam@elliott-carroll.info,312
312,Cannon-Stanton,"417 Jerry Meadows Apt. 989
Justinburgh, MA 44675",(642)179-4517,lynchdouglas@alvarado.net,313
313,"Powers, Hodges and Bridges","518 Renee Row Suite 502
East Tina, CA 87661",763.858.8833x150,harmondaniel@duffy.com,314
314,Butler-Casey,"06671 Davis Plaza
South Richardside, WV 47031",253-485-7389x9879,tiffany28@vasquez.com,315
315,Oliver Inc,"2433 Jeff Ways
New James, OH 95080",582.834.2404,ronnie40@harris.com,316
316,Reilly-Campbell,"93460 Brandy Road
New Joshua, MT 78078",3329119232,villaandrew@thomas.org,317
317,Smith-Kelly,"334 Anne Mills
Trevorhaven, LA 76262",6333201749,tranrobert@brown.com,318
318,Jones PLC,"56311 Espinoza Brook Suite 829
Campbellborough, NM 05233",(513)766-7988,ggonzalez@jones.org,319
319,"Wallace, Adams and James","91244 James Flats Apt. 692
Beardtown, MD 94003",+1-306-272-9789,bennettwilliam@johnson.net,320
320,"Scott, Murphy and Henson","4998 Johnny Cove Apt. 801
Jaimeview, WV 78310",943-165-3319x37685,zgarcia@jennings.com,321
321,Gonzalez and Sons,"08832 Eddie Flats
Wellsburgh, MO 20095",411.379.3034,talexander@acosta.com,322
322,Cook Inc,"718 Gary Lodge
West Anne, NM 10017",905.975.9553,mitchelltravis@clark.net,323
323,"Hansen, Robertson and Black","8017 Johnny Plains
Trujilloport, RI 13606",+1-038-982-3555,alexanderquinn@aguirre-george.com,324
324,"Webb, Moreno and Harrison","55216 Collins Mews
Wagnerborough, UT 42767",+1-281-568-4789,diazmichael@lopez.net,325
325,"Burns, King and Mullen","57608 Kennedy Hollow Suite 161
Sandersmouth, SD 82825",(289)120-1429x3747,nicholssherry@klein.com,326
326,Marshall-Brown,"28863 Samuel Gateway Apt. 363
Williamsmouth, MI 04730",130.120.8240,sarahpittman@white.net,327
327,"Sanchez, Hines and Wood","801 Koch Extensions Apt. 417
South Jessica, NE 03870",8242610860,carrilloronald@klein-wilson.com,328
328,Mason-Walker,"7325 Sanchez Land Apt. 017
North Timothy, HI 94515",232.470.8201x8550,escobarstephanie@black.com,329
329,Landry and Sons,"7482 Mike Mount
North Curtis, CA 19069",965-404-6951x11580,cynthiaevans@wilson.com,330
330,Bailey PLC,"433 Michael Mission
Lake Kyle, NV 17232",350.317.6206x652,lcarroll@steele-dixon.com,331
331,"Johnson, Reid and Nguyen","50819 Marquez Cliffs
Reynoldsberg, WI 57431",(646)298-7088,whitematthew@james.com,332
332,Howard-Beard,"957 Eric Greens Suite 542
Calebville, PA 14146",001-371-230-6366x4356,uchung@glass.com,333
333,"Briggs, Pratt and Lewis","881 Serrano Harbor
East Danielburgh, MO 90453",036.985.1805,anna86@bradley.org,334
334,Smith-Webb,"050 Adrian Harbor
Matthewshire, ID 68106",7510137590,tonyaclements@evans-hill.com,335
335,"Summers, Rojas and Hutchinson","280 Jeffrey Summit
North Wendystad, NH 47477",(342)123-4799x3226,thomas12@hernandez.biz,336
336,Hernandez LLC,"1671 Elizabeth Circles Apt. 688
West Michellemouth, OR 58070",5541531388,khebert@lee.biz,337
337,Scott-Mendez,"22249 Merritt Lake
Millerborough, UT 94196",(848)752-9239x0826,jessicaharper@solomon-foley.com,338
338,Wood-Rose,"62700 Rhonda Bypass
New Angela, WY 69577",001-972-691-4962x5119,jensenderrick@santos-williamson.com,339
339,"Coleman, Davis and Yoder","7120 Thompson Pike Apt. 329
West Taraview, ND 99171",718-210-4049x7966,wheelerkathleen@hoffman.com,340
340,Walton-Wu,"6707 Tyler Drive
Lake Tiffanyburgh, HI 54790",267-876-5017,cameronvang@hayden-costa.com,341
341,"Alvarez, Smith and Hill","07317 Melendez Drives Suite 660
Thomasside, MD 85447",334-068-6234x44462,sroman@sutton.net,342
342,Morris-Brewer,"346 Davies Viaduct
North Carlaport, VA 16660",001-866-107-3815,amanda04@barnes.com,343
343,Deleon-Branch,"6728 Haney Plain
Erikashire, ND 23224",865.813.7690x389,nicholas17@simmons.org,344
344,"Cooper, Evans and Baker","Unit 1998 Box 1163
DPO AE 30503",221-596-4882x9771,fsingleton@schmidt.com,345
345,Barrera-Elliott,"USCGC English
FPO AP 18471",(615)843-3282,caldwellandrea@jones-walker.com,346
346,"Watts, Williams and Roth","99704 Danielle Meadows
Collinsburgh, CT 72442",847-884-5373x2459,michelle94@james.com,347
347,"Buck, Medina and Thomas","37111 Thomas Freeway
South Roger, HI 63409",001-908-828-7252x8181,nixonlaura@liu-gray.org,348
348,"Johnston, Thomas and Smith","556 James Turnpike
West Susanmouth, VT 05988",3186409426,gatesashlee@robinson.com,349
349,Smith-Graham,"660 Romero Club
West Cynthiaville, FL 73967",813.634.9277,debra64@reese.org,350
350,"Sanchez, Smith and Wang","33764 King Dam Suite 609
Chadchester, MO 94616",6189464735,qcaldwell@moore.org,351
351,Harris PLC,"63874 Bryan Spring
New Lindseyville, MD 04769",(518)420-6543x96946,harmonbrian@taylor.com,352
352,"Beard, Pittman and Buchanan","935 Jamie Walk
Johnmouth, DC 38593",+1-766-528-4080x97385,rgordon@taylor.com,353
353,"Welch, Murphy and Walker","97719 Dylan Freeway Apt. 211
North Carriehaven, IL 39650",001-766-474-5230x995,zfox@gutierrez-dawson.com,354
354,Moreno PLC,"399 Spencer Via
South Christine, IL 31140",880.399.6152x920,nancy45@kennedy.com,355
355,"Buchanan, Zimmerman and Murphy","7976 Thomas Mount Apt. 169
Arnoldhaven, NY 06111",001-399-949-1383,michael85@phillips-miller.org,356
356,"Gonzales, Lopez and Beasley","7800 Heather Cove Suite 977
South Brandon, KS 25904",(848)410-3763x05384,sullivangloria@kim-mcdonald.org,357
357,Smith-Schmitt,"136 Lewis Harbor
Matthewfort, WA 52293",304-216-0294x33537,linda84@hendrix-moreno.info,358
358,"Krause, Hill and Banks","PSC 3014, Box 3162
APO AP 51315",+1-099-430-6200x7304,vanessa32@baldwin.com,359
359,Vasquez-Williams,"59450 Shelby Garden Apt. 485
Alishaberg, AR 51764",001-632-005-5257x97135,nholt@sanders-griffin.com,360
360,Jordan-Roberts,"Unit 8607 Box 9767
DPO AP 06473",001-789-206-4371,sandersgeorge@robbins-cardenas.com,361
361,"Martin, Mccormick and Brown","603 Alexis River
Port John, MT 13896",001-430-864-0273x3960,fmendoza@williams.biz,362
362,"Kim, Dudley and Owens","2308 Oconnor Skyway
North Karen, AL 92373",(750)719-3131x89017,gina79@leon.com,363
363,"Brown, Bradley and Clark","USS Chan
FPO AP 20823",878-675-0855x317,trevor18@frey.com,364
364,Stanton and Sons,"517 Davis Summit Apt. 525
Brownberg, MS 43811",171.198.7938x91802,hhill@miller.com,365
365,Mcdowell PLC,"404 Zachary Street Suite 821
Snyderberg, CA 09559",001-107-248-0433x34351,juan82@smith-brooks.com,366
366,Watts-Green,"426 Tyler Point
South Meredithton, NY 32041",001-548-546-3326x67922,amber89@chaney-benton.com,367
367,"Wilson, Clark and Gonzales","095 Michael Station Apt. 801
Byrdhaven, NH 19533",+1-510-075-3634x6618,melissapugh@allen.com,368
368,"Murphy, Walker and Short","PSC 1816, Box 4427
APO AA 66462",+1-821-333-8481x78186,kimberly72@wilson.com,369
369,Salazar-Bolton,"10770 Tran Streets Suite 375
Lake Shaunside, AK 94723",010.868.4022,brookshayley@sutton.net,370
370,Perez Ltd,"981 Wilkinson Rue Apt. 388
Bondville, MS 58271",168-251-0108,daniel10@lee.org,371
371,Cameron-Campbell,"250 Roman Crest
Martinburgh, MA 73346",502.880.9525x686,david46@hart.com,372
372,"Curry, Hunter and Parks","74389 Anthony Hill
New Amanda, HI 73922",406-186-1593,erinjones@krause.net,373
373,Scott LLC,"239 Deanna Trail Suite 458
Port Crystal, TX 98281",+1-991-319-1657x94245,fishererica@forbes.net,374
374,"James, Jackson and Guzman","72430 Sherry Underpass Suite 832
Robertland, MD 71667",(132)969-5048x6460,mmitchell@coleman.com,375
375,"Mayer, Clark and Smith","774 Rebecca Stream Suite 392
Wrightbury, RI 96403",156.951.6480,dlamb@walker.com,376
376,Deleon Group,"7746 Keith Run Apt. 404
Jenniferside, IL 84792",746-083-6379,jaredrobinson@palmer.biz,377
377,Meyers-Mason,"7349 Joshua Drive
New Trevorberg, LA 74307",(720)410-4159,scottmark@dodson.com,378
378,Banks-Banks,"27158 John Road
South Eric, VT 44232",8925281723,spencerjustin@massey-turner.com,379
379,Sutton-Acevedo,"991 Vance Track Apt. 726
West Lisaville, CO 10949",+1-325-035-3983x9968,johngardner@walker.biz,380
380,Morris Ltd,"619 Stacy Crossroad
Andreberg, IN 94961",513.285.1078x893,carlespinoza@schneider.com,381
381,Lee PLC,"919 Dana Corner
Andrewfurt, NM 97364",+1-351-755-2057,jmckinney@fox-anthony.info,382
382,"Russell, Stone and Dickerson","38333 Jones Roads
New Manuelland, NM 09681",001-705-657-8448x87110,vcox@carlson.net,383
383,Jones PLC,"38932 Phillips Ramp
Port Jenniferton, VA 12106",+1-453-829-0135x790,curtis20@perez.com,384
384,Richardson-Mullen,"14044 Solis Pass Apt. 918
Tarafurt, CT 34966",930.624.9834x94464,fking@wright.com,385
385,"Fernandez, Mullen and Stewart","803 Elizabeth Coves
Gomezburgh, IA 05717",485-431-5814,qturner@bowen.org,386
386,Morrison-Castillo,"75392 Kevin Port Apt. 635
East Nicolebury, MI 24094",001-809-535-4843x52411,rodriguezthomas@stafford.biz,387
387,"Pena, Smith and Martin","5822 Julia Gateway
Larryhaven, IN 13261",247-040-4691,allennicholas@martinez.org,388
388,Miranda and Sons,"7399 Parrish Keys Suite 756
Ortegafurt, KY 93122",(458)222-2780,carlfuller@hunt-anderson.biz,389
389,"Gordon, Arnold and Evans","208 Lisa Rapid
Port Karen, WI 76534",001-418-946-1550,travistaylor@patterson.com,390
390,"Dunn, Pugh and Campbell","1775 Laura Ferry
Stephaniehaven, MO 08266",001-960-707-6235x964,jeffreytate@paul.com,391
391,Andersen PLC,"547 Bailey Stream Apt. 758
North Joyce, CA 49051",+1-742-323-6416x920,otownsend@dunlap-vazquez.com,392
392,Carter-Leon,"658 Abbott Squares
Piercehaven, WY 88563",(966)185-2968x35422,johnnylewis@weber-wagner.org,393
393,"Russell, Moody and Rogers","1740 Contreras Crossroad
Melissashire, WA 39193",001-920-833-0135x374,rebecca00@cardenas.com,394
394,Burke Group,"15656 Joseph Club
Turnershire, VA 62208",001-973-446-9477x88088,riveramonica@coleman-flores.com,395
395,Marsh Inc,"8773 Vincent Shore Suite 302
Stefanieview, WV 66096",001-266-939-2431x37650,aaron58@perez.com,396
396,Rodriguez-Potter,"9819 Jennifer Harbors Apt. 487
East Jesse, KS 55821",964.520.9381,dianasanders@duncan.net,397
397,Jones-Williams,"191 Watkins Station Apt. 841
New Stevenfurt, DE 07569",(377)120-9503,isaunders@cunningham.org,398
398,Davis-Meyers,"74419 Park Knoll
West Matthew, OK 92328",001-815-696-7486x43442,patrick38@hall-gibson.com,399
399,"Parks, Cunningham and Moore","0092 Daniel Squares
East Linda, ND 28590",001-655-676-4130x14047,craig96@hubbard.info,400
400,Winters PLC,"61523 Sexton Course
North Michelleview, WV 51048",157.313.6122x88930,qhall@morris.com,401
401,Green LLC,"0480 Alfred Forest
Shannonburgh, MO 83829",001-710-439-5974,christina62@douglas-brown.net,402
402,"Lopez, Mata and Salas","1412 Diana Shoal Suite 474
New Brandonshire, MI 40140",(379)895-5605,diane54@sanders-moore.biz,403
403,Perry LLC,"5966 Smith Mission
North Monica, MT 68864",+1-316-463-7697x028,benjamingalvan@cooper.com,404
404,Newman-Schaefer,"95749 David Oval
South Anthony, SD 13367",336.272.0109x84949,michael50@pittman.info,405
405,Lee LLC,"Unit 9596 Box 7704
DPO AP 61738",+1-160-717-2386x204,jenniferibarra@aguilar.info,406
406,Garrett-Wells,"356 Davis Ford Apt. 366
Port Leroyport, NM 51865",001-646-659-8825x5379,eabbott@roberts.info,407
407,"Wood, Obrien and Smith","06769 Frazier Turnpike Suite 590
Youngstad, AL 58841",991-222-7512,henryrobert@archer.com,408
408,"Smith, Potts and Morales","760 Ralph Tunnel
Ortizburgh, WA 30900",(649)661-8375x8860,james32@wallace.net,409
409,Ortiz-Dean,"Unit 5127 Box 9594
DPO AA 97428",+1-785-448-7742,hmitchell@garza.com,410
410,Johnson Ltd,"725 Hawkins Causeway
Bentleybury, VA 85217",001-045-790-9903x62539,cameronsimpson@ford.com,411
411,"White, Moore and Campbell","4161 Randall Radial
Port Melanie, ID 39015",7227891658,adam71@howard.com,412
412,"King, Reyes and Hernandez","0295 Donna Pike Suite 212
Rossside, AL 46734",652.453.4968,hughestimothy@wong.com,413
413,Castillo-Bradshaw,"31355 Ryan Prairie
West Selenaview, OK 92926",(938)474-0141x603,stephennewman@blackwell-smith.com,414
414,Nicholson-Lee,"376 Thomas Viaduct
Lake Sarahstad, PA 65718",001-119-801-4199x095,evanskristin@stephens-delgado.com,415
415,"Byrd, Doyle and Spencer","50032 Peters Parkway
Port Arianatown, WI 23538",001-220-334-6704x324,victorford@pratt-oneal.com,416
416,Allen LLC,"5946 Debbie Station
Port Ashley, KS 11024",110-934-8481,amber87@campbell.com,417
417,Chase-Frazier,"9230 Valerie Prairie
Jonesborough, ID 22932",001-570-729-5517x9017,sharvey@ramos.com,418
418,"Taylor, Reyes and Woodward","23433 Taylor Stravenue
Port Desiree, LA 18693",735-041-9859,framos@williams-garcia.net,419
419,Mckinney-Walter,"Unit 3206 Box 8290
DPO AE 46692",815.824.4383,diazjohn@carrillo.com,420
420,Fuller PLC,"095 Jensen Point
Sharonside, MI 88129",190.817.8590,stoutcurtis@brock.org,421
421,"Baker, Gallagher and Moore","2813 Jordan Village Suite 210
West Kellyberg, MT 69654",(504)473-2500x0710,yhubbard@lindsey.com,422
422,"Lopez, Nelson and Andrews","0655 Schultz Squares
Mcbrideburgh, IA 16125",(138)535-5923,penadaniel@beard-taylor.com,423
423,"Carey, Simpson and Smith","47187 Mcconnell Manor
West Amberberg, NH 56696",506-531-9857x126,maynardthomas@hardy.com,424
424,Tran Ltd,"5641 Susan Gateway
Port Jeffreyside, WI 47355",001-438-296-4510x9759,valerie25@harris-williams.info,425
425,Lang-Williams,"518 David Cliffs
South Matthew, VT 22079",(402)609-8552x0753,mbyrd@howard.com,426
426,"Murphy, Berg and Johnson","55447 Miles Bridge Suite 615
New Meganville, LA 21246",551.533.5321x703,lisa86@lee.com,427
427,Perez Ltd,"36118 Schneider Forks Suite 122
North George, MA 23159",001-445-510-7479x73752,jennifersingleton@hicks-morrison.com,428
428,Welch-Frazier,"980 Escobar Stravenue Suite 623
Michaelhaven, NM 76534",097-288-2036x1492,bryancarl@hurst-robinson.com,429
429,"Thornton, Johnson and Jones","274 Robert Mills Suite 308
Bushmouth, WV 39961",463.141.3619x2941,igonzalez@smith.com,430
430,Torres Group,"147 Laura Brooks
Torresfort, CO 50807",+1-087-399-3728x18014,mary96@crawford-yates.info,431
431,Carrillo Group,"4981 Matthew Place Suite 642
Freemantown, MT 57422",(491)845-9629,tyler32@grant-graham.info,432
432,"Moon, Forbes and Cook","USCGC Casey
FPO AA 13643",619.484.0921x0047,garciajacqueline@dean.com,433
433,Pruitt LLC,"15027 Smith Forks Suite 964
Vickimouth, RI 68253",452-516-9409x42037,claytonkayla@evans-holmes.com,434
434,Nelson PLC,"51526 Washington Field
Arnoldberg, NY 08799",(578)307-1133,deborah53@jimenez.com,435
435,"Zimmerman, Mathis and Wilson","01777 Lauren Stravenue
Lindseystad, DC 59583",(150)794-8571x57304,yolanda34@jackson-black.com,436
436,"Bryant, Gonzales and Powers","83095 Kimberly Light Suite 192
Reginahaven, NV 42950",+1-333-847-4388,gpowell@smith.com,437
437,Smith PLC,"336 Nolan Meadows
Deniseborough, NE 63777",110.186.1411x5348,chelseaibarra@mcgee.net,438
438,Hardin PLC,"0509 Pennington Via Apt. 821
Katherinebury, MD 32679",(144)147-2576,karenfrederick@russell-mcdonald.com,439
439,Gardner Group,"482 Monica Corners
North Michelleland, OR 11236",(699)691-6231,markmoody@wells.org,440
440,Mitchell Ltd,"079 Koch Bridge Apt. 119
West Markburgh, ME 28424",255.597.2256,allendebbie@barker.com,441
441,Barrett PLC,"689 Lucero Crossing
Mayerfurt, NY 73453",171-373-6859,vweiss@barnett.com,442
442,Caldwell-Phillips,"12372 Francis Ferry
Foxside, RI 32387",551-074-3578,carpenterstephanie@bartlett.com,443
443,Ryan-King,"26829 Watkins Route
New David, OR 50999",+1-148-420-9767x94779,singhrachel@martin-chambers.org,444
444,Arroyo-Thompson,"74606 Paul River
Ayalaview, RI 10607",(968)080-7773,rwilson@hood.com,445
445,Johns-Lee,"26075 Aaron Causeway Apt. 712
South Richardside, DC 60199",001-584-900-9240x9166,alison87@ward-mckee.com,446
446,Perez PLC,"7932 April Extensions Suite 544
Port Amber, MN 08866",+1-830-394-2583x651,jpierce@smith.com,447
447,"Moore, Long and Martinez","7700 Michael Place Suite 494
Pruittton, OR 06017",(051)056-4672x34924,tmckinney@smith.com,448
448,Parker Inc,"23085 Justin Canyon Apt. 937
West Jessica, AR 67138",+1-998-168-7668x16103,melissathompson@marsh.com,449
449,"Stokes, Jackson and Adams","82141 Smith Streets
South Sean, ME 78919",(079)058-3235x6676,parkervalerie@gardner-spencer.biz,450
450,Williams-Fernandez,"PSC 6484, Box 1288
APO AA 96146",+1-801-411-7013,elizabethchen@clements.biz,451
451,Blake PLC,"453 Flores Village Suite 653
Millermouth, NY 41351",524-928-6109x3857,gobrien@knapp.org,452
452,"Johnson, Harper and Simmons","49897 Linda Land
East Williemouth, NY 84519",187-885-7674,christopherphelps@morris.org,453
453,"Huang, Friedman and Woods","82655 Ronald Extension Apt. 984
West Johnview, NE 82755",542-103-8713x506,josephballard@santana.org,454
454,Torres LLC,"0946 Parker Groves
Richardport, TN 67936",(504)904-1424x6157,ophillips@abbott.info,455
455,Sanders-Smith,"2360 Carpenter Locks
Finleyshire, MS 72666",801.974.5309,juliemejia@aguilar-evans.info,456
456,"Clark, Henry and Leon","5603 Sandra Isle
Tamichester, OK 62822",001-308-975-1272,dconrad@mccarty-schroeder.com,457
457,Lloyd Inc,"03599 Carmen Cape Suite 141
Veronicabury, IA 20177",+1-314-060-8022x40937,thompsonanna@thompson.com,458
458,Frost-Johnson,"Unit 9801 Box 7034
DPO AP 51509",466-398-6217x68783,mjackson@conrad.info,459
459,Allen Group,"985 Chelsea Centers Suite 078
South Larryton, TX 43201",001-239-449-7929x223,psanders@gross.com,460
460,"Richmond, Ramos and Washington","7645 Brown Ports
South Joseville, IL 01533",590-415-6000,gordonjames@wilson.org,461
461,"Donaldson, Hernandez and Nelson","95002 David Mission
South Jenniferview, OK 85136",833-819-7744x2503,ernest79@adams-reynolds.org,462
462,Cruz PLC,"4478 Kayla Fort Apt. 690
Brittanyside, NJ 37881",+1-013-263-7885x855,cknight@fletcher.com,463
463,Delgado-Gonzalez,"5634 Timothy Summit
Port Martin, SD 21926",+1-065-959-8119,nmills@brown-mooney.com,464
464,"Howard, Martinez and Johnson","09428 Lisa Summit Suite 777
Chavezshire, ME 25018",716-193-5528x217,courtneyjohnson@mathis.biz,465
465,Davis Inc,"19935 Evans Lodge Apt. 752
East Sandra, LA 55527",+1-257-274-6155,karen47@zimmerman.com,466
466,Wiley PLC,"1029 Matthew Island
Lake Alyssaville, WY 61200",(660)843-7064,emily08@yang-fleming.net,467
467,Tran Group,"8572 Garcia Green
Whiteport, MO 38420",001-264-258-3296,dcollins@young.com,468
468,"Hughes, Morris and Baker","1611 Brandon Points Apt. 632
Danielshire, MD 47370",697.090.0762,blewis@gaines.biz,469
469,Hernandez-Collins,"6523 Ruiz Village
Lake Debra, CA 44715",001-578-875-8899x33361,guerreromatthew@taylor.org,470
470,Lane-Randolph,"4899 Perkins Inlet Suite 615
East Samuelmouth, CT 32974",199.780.2899x7429,joshuasantana@white.info,471
471,Green-Chambers,"34955 Douglas Garden Apt. 614
Lake Kevin, PA 33880",996.776.3488x357,ashley28@cowan-reynolds.com,472
472,Deleon-Vasquez,"079 Pace Square Suite 047
East Brenda, IN 30294",(557)690-9824x242,spham@harris-sanders.info,473
473,Morton-Aguirre,"USCGC Small
FPO AE 81225",510.290.5045x0394,bradleysawyer@martinez.com,474
474,"Lopez, Lowe and Kelly","490 Marquez Flats Apt. 272
East Sara, WY 36401",001-298-302-2164x1761,christopher74@holland-davenport.com,475
475,Galloway-White,"447 Rivera Stream
North Christopher, ND 92075",131.298.0975x2158,carly75@gould.com,476
476,"Camacho, Terry and Fisher","94473 Melissa Trafficway Apt. 045
Teresaview, AR 44814",+1-388-657-8495,znewman@hunter-sandoval.com,477
477,Gordon-Herman,"510 Crawford Passage Apt. 049
New Dominique, FL 04942",450-159-3305,sean02@cisneros.com,478
478,"Mann, Flores and Dunn","4328 Huber Place Suite 454
Richardsburgh, RI 57663",(798)425-8995x0237,weaverkaitlin@williams.net,479
479,West PLC,"27747 Jones Turnpike
Port Micheal, OH 56474",+1-596-258-0562,christina73@hurley-harris.com,480
480,Russell-Meza,"71170 Jamie Skyway Suite 150
Kevinton, ID 04376",677-463-8135,greenpatricia@bryant.com,481
481,Scott-Anderson,"242 Durham Key
South Ericahaven, OR 63737",001-485-723-1162x1238,cmendoza@riley.com,482
482,"Lee, Branch and Houston","6944 Ashley Locks Apt. 994
Schneiderfort, RI 75699",562-724-2616,jmoore@flores.info,483
483,Vargas-Ballard,"748 Bishop Ports
Port Jimmyview, NM 85133",+1-118-214-3372x3487,johngill@jones.com,484
484,Olson Group,"589 Sharon Road Apt. 216
Lake Joseph, WY 02513",7716457291,royedwards@martin-brown.org,485
485,"Patel, Crosby and Daniels","913 Nicole Mountains
Alexisfort, LA 41448",001-754-616-9771x101,kevin63@martin.biz,486
486,Perez-Ware,"0462 Taylor Locks
Wallaceview, MN 12253",(997)558-1409,eric28@johns.com,487
487,Brown Ltd,"52253 Joshua Plain Suite 839
Jacksonmouth, IN 68211",119-637-4686x616,xsmith@shaffer.com,488
488,"Castaneda, Caldwell and Munoz","0144 Summers Junctions
Kyleport, MT 51039",678.826.0464x51896,ysalas@andrews.net,489
489,"Jenkins, Williams and Cannon","56036 Thomas Pike Apt. 872
North David, TX 37913",(809)386-1239x59517,knightsara@harris.com,490
490,Mcdonald-Williams,"692 Collins Knolls Apt. 864
North Christopherbury, SC 23750",795-390-8308,brianhendrix@morris.org,491
491,Schmidt-Stewart,"Unit 6253 Box 5117
DPO AE 15969",035-442-6514x68521,chavezalexander@francis.org,492
492,Maddox Ltd,"USS Martinez
FPO AA 31121",865.047.5715x56139,matthew15@pollard.info,493
493,Weaver-Richardson,"2619 Christian Isle
East Taylor, CA 37782",624-052-8553x58555,unolan@anderson-patel.com,494
494,"Chang, York and Pennington","06983 Jessica Vista
Tapiamouth, ND 49428",5940048647,stephanieramos@campbell.com,495
495,"Wilson, Lopez and French","608 Jones Meadow Apt. 912
South Ericfurt, NH 03887",932.019.1973,ntorres@murphy-jones.com,496
496,Petty Ltd,"7073 Jones Crest Suite 378
South Andrewtown, AL 10481",001-148-955-6033,michellesmith@hubbard.com,497
497,Morales-Garcia,"48295 Gregory Vista
Port Heatherchester, MS 73784",572-883-9280x62549,wlove@harris.com,498
498,Webster Ltd,"216 Perez Streets
Port Madison, NE 94260",674.595.9085x985,shane88@moore.net,499
499,Campbell Group,"782 Kerri Crossroad
Michaelport, NJ 99325",001-588-084-1872x31828,maciascatherine@nelson.com,500
